{"cameraMode":{"drawMode":0,"name":"Shaded","section":"Shading Mode"},"sceneLighting":true,"audioPlay":false,"sceneViewState":{"m_AlwaysRefresh":false,"showFog":false,"showSkybox":false,"showFlares":false,"showImageEffects":false,"showParticleSystems":false,"showVisualEffectGraphs":false,"m_FxEnabled":true},"in2DMode":false,"pivot":{"x":-1.7881393432617188e-7,"y":0.5453693866729736,"z":-0.004401504993438721},"rotation":{"x":0.0457281693816185,"y":0.9464614391326904,"z":-0.15457716584205628,"w":0.2798352539539337},"size":8.212936401367188,"orthographic":true}