{"cameraMode":{"drawMode":0,"name":"Shaded","section":"Shading Mode"},"sceneLighting":false,"audioPlay":false,"sceneViewState":{"m_AlwaysRefresh":false,"showFog":false,"showSkybox":false,"showFlares":false,"showImageEffects":false,"showParticleSystems":false,"showVisualEffectGraphs":false,"m_FxEnabled":true},"in2DMode":false,"pivot":{"x":-0.14134550094604493,"y":0.8372151851654053,"z":-0.10398530960083008},"rotation":{"x":0.10300454497337342,"y":0.7736716866493225,"z":-0.13033705949783326,"w":0.6114300489425659},"size":1.1891270875930787,"orthographic":true}