{"cameraMode":{"drawMode":0,"name":"Shaded","section":"Shading Mode"},"sceneLighting":false,"audioPlay":false,"sceneViewState":{"m_AlwaysRefresh":false,"showFog":false,"showSkybox":false,"showFlares":false,"showImageEffects":false,"showParticleSystems":false,"showVisualEffectGraphs":false,"m_FxEnabled":true},"in2DMode":false,"pivot":{"x":-0.005836993455886841,"y":0.23099718987941743,"z":-0.00241069495677948},"rotation":{"x":-0.12414555996656418,"y":0.8361082077026367,"z":-0.2115437090396881,"w":-0.4906753599643707},"size":0.3245674967765808,"orthographic":false}